Prénom,Nom de famille,Numéro d’identification,Adresse de courriel,Groupes
BERNADETTE,BOUTIN,22247937,bernadette.boutin@unice.fr,G0
THIBAULT,JULIEN,22241793,thibault.julien@unice.fr,G1
XAVIER,DOS SANTOS-CARON,22244357,xavier.dos-santos-caron@unice.fr,G2
ZOÉ-CHARLOTTE,MERCIER,22165514,zoe-charlotte.mercier@unice.fr,G3
ÉDOUARD-THIERRY,AUBERT,22159372,edouard-thierry.aubert@unice.fr,G4
THÉODORE,LOMBARD,22252557,theodore.lombard@unice.fr,G5
ANAÏS,COLIN,22141465,anais.colin@unice.fr,G6
ALICE,BESSON,22109212,alice.besson@unice.fr,G7
LUCY,MARTINEAU,22131235,lucy.martineau@unice.fr,G8
BERNARD,DELANNOY,22258211,bernard.delannoy@unice.fr,G9
MARYSE,LE GOFF,22208036,maryse.le-goff@unice.fr,G0
ANAÏS,DE LA PASCAL,22200360,anais.de-la-pascal@unice.fr,G1
HENRI,BERTRAND,22239283,henri.bertrand@unice.fr,G2
BENOÎT,MATHIEU-BERTIN,22195763,benoit.mathieu-bertin@unice.fr,G3
AIMÉ,COURTOIS,22268983,aime.courtois@unice.fr,G4
GILBERT,RIBEIRO-PEREIRA,22150204,gilbert.ribeiro-pereira@unice.fr,G5
NOÉMI-GENEVIÈVE,MARTEL,22225468,noemi-genevieve.martel@unice.fr,G6
PHILIPPE,ROLLAND LE HERVÉ,22115902,philippe.rolland-le-herve@unice.fr,G7
WILLIAM,GERMAIN,22258751,william.germain@unice.fr,G8
LUC,MENDÈS,22273603,luc.mendes@unice.fr,G9
AIMÉ,MARQUES,22264401,aime.marques@unice.fr,G0
ÉRIC,TOUSSAINT,22288468,eric.toussaint@unice.fr,G1
HENRI,PINTO,22207066,henri.pinto@unice.fr,G2
RENÉE,SCHMITT,22190684,renee.schmitt@unice.fr,G3
AIMÉ,BIGOT,22222944,aime.bigot@unice.fr,G4
NATH,COSTE,22112357,nath.coste@unice.fr,G5
GILLES,LOISEAU DE LA DANIEL,22202470,gilles.loiseau-de-la-daniel@unice.fr,G6
STÉPHANE,LE MARIE,22214256,stephane.le-marie@unice.fr,G7
NATHALIE,MALLET,22184560,nathalie.mallet@unice.fr,G8
LÉON,MULLER,22184050,leon.muller@unice.fr,G9
CHRISTINE,COLIN,22234752,christine.colin@unice.fr,G0
JEANNINE,FAURE,22226564,jeannine.faure@unice.fr,G1
GILBERT,KLEIN DU MARCHAND,22273680,gilbert.klein-du-marchand@unice.fr,G2
MADELEINE,COLIN,22277778,madeleine.colin@unice.fr,G3
GEORGES,DE BAUDRY,22133910,georges.de-baudry@unice.fr,G4
GABRIEL,PRÉVOST,22132376,gabriel.prevost@unice.fr,G5
RAYMOND,PICHON,22225572,raymond.pichon@unice.fr,G6
MAURICE,MASSE,22144167,maurice.masse@unice.fr,G7
ARTHUR,RAMOS,22260401,arthur.ramos@unice.fr,G8
CLAUDE,FERRAND,22203065,claude.ferrand@unice.fr,G9
ODETTE,GUILBERT,22189756,odette.guilbert@unice.fr,G0
GILBERT,JOLY LE NAVARRO,22158013,gilbert.joly-le-navarro@unice.fr,G1
CATHERINE,CAMUS,22244030,catherine.camus@unice.fr,G2
ZOÉ,JACQUES,22213827,zoe.jacques@unice.fr,G3
ÉMILE,MENARD,22145733,emile.menard@unice.fr,G4
RÉMY,DE LA LECOMTE,22206666,remy.de-la-lecomte@unice.fr,G5
JOSEPH,CLÉMENT,22192846,joseph.clement@unice.fr,G6
OLIVIER,DIDIER,22164175,olivier.didier@unice.fr,G7
RÉMY,MEUNIER,22267089,remy.meunier@unice.fr,G8
HUGUES-ÉTIENNE,TEXIER,22272721,hugues-etienne.texier@unice.fr,G9
SABINE,GAUDIN,22201043,sabine.gaudin@unice.fr,G0
FRANÇOIS,BOUCHER-COHEN,22262999,francois.boucher-cohen@unice.fr,G1
RENÉE,LÉVY-MARÉCHAL,22114008,renee.levy-marechal@unice.fr,G2
DANIEL,BOUCHER,22261485,daniel.boucher@unice.fr,G3
ANAÏS,CARRE,22142702,anais.carre@unice.fr,G4
EUGÈNE-MARTIN,JACQUOT,22192381,eugene-martin.jacquot@unice.fr,G5
VIRGINIE,LE ROBERT,22183176,virginie.le-robert@unice.fr,G6
WILLIAM,DESCAMPS,22138638,william.descamps@unice.fr,G7
THIBAUT,GOMEZ-GOMES,22180629,thibaut.gomez-gomes@unice.fr,G8
ROLAND,MARTINS,22230296,roland.martins@unice.fr,G9
VALENTINE,RIVIÈRE DE LA VALLET,22212891,valentine.riviere-de-la-vallet@unice.fr,G0
BERTRAND,SCHMITT,22116133,bertrand.schmitt@unice.fr,G1
PHILIPPINE,LENOIR-MAILLARD,22156086,philippine.lenoir-maillard@unice.fr,G2
OCÉANE,BAILLY,22103357,oceane.bailly@unice.fr,G3
JOSÉPHINE,MARCHAND,22151998,josephine.marchand@unice.fr,G4
LORRAINE,DELANNOY,22158659,lorraine.delannoy@unice.fr,G5
LUCAS,LEBRUN,22240072,lucas.lebrun@unice.fr,G6
SYLVIE,GIRARD,22288719,sylvie.girard@unice.fr,G7
ÉDITH,HUBERT,22183253,edith.hubert@unice.fr,G8
JACQUES,PERROT,22102358,jacques.perrot@unice.fr,G9
ISABELLE,LEDOUX LE JULIEN,22162263,isabelle.ledoux-le-julien@unice.fr,G0
THIERRY,LÉVY-BERNIER,22205784,thierry.levy-bernier@unice.fr,G1
SUSAN,MILLET,22199130,susan.millet@unice.fr,G2
MICHEL,POULAIN,22141791,michel.poulain@unice.fr,G3
VALENTINE,PARENT,22151012,valentine.parent@unice.fr,G4
THOMAS,HAMON-ÉTIENNE,22290794,thomas.hamon-etienne@unice.fr,G5
MICHEL,GUILLON DE LA CARRE,22261106,michel.guillon-de-la-carre@unice.fr,G6
ALPHONSE,LE LEDOUX,22225270,alphonse.le-ledoux@unice.fr,G7
LUCIE,OLIVIER,22202230,lucie.olivier@unice.fr,G8
RICHARD,TESSIER,22242167,richard.tessier@unice.fr,G9
JACQUES,SIMON,22112645,jacques.simon@unice.fr,G0
NOËL,WEBER,22266247,noel.weber@unice.fr,G1
MICHELLE,LE BLOT,22277003,michelle.le-blot@unice.fr,G2
HENRI,GUILLOT-ROSSI,22269835,henri.guillot-rossi@unice.fr,G3
